car,parking_pass,Fine_amount,date
719,446,79.05,8/3/2010
988,236,29.82,2/21/2012
651,122,269.18,11/2/2013
248,500,33.42,3/22/2014
252,765,106.3,2/16/2010
150,167,61.19,9/25/2011
966,388,274.31,5/9/2013
697,444,137.37,12/24/2014
748,689,14.47,5/20/2010
232,283,21.71,9/19/2010
454,693,202.06,9/4/2012
714,340,78.41,8/22/2017
460,940,342.31,6/4/2015
878,274,8.11,8/23/2011
626,25,32.75,4/24/2012
580,298,4.53,7/7/2014
565,57,5.17,10/2/2013
683,593,134.84,7/11/2016
772,402,430.17,1/1/2014
517,568,99.53,12/28/2013
144,122,17.57,10/16/2010
555,444,283.25,6/7/2014
283,523,201.59,9/11/2012
753,912,384.02,12/6/2017
37,878,102.26,12/14/2010
117,41,179.69,4/25/2016
213,683,219.65,6/25/2016
66,714,280,10/14/2015
371,48,103.92,1/25/2013
990,288,17.52,9/22/2011
630,404,127.09,3/6/2012
103,223,83.23,4/6/2015
334,715,108.33,8/29/2013
562,160,60.27,5/14/2017
317,927,145.19,6/3/2014
127,732,9.54,8/24/2013
192,816,99.47,11/21/2012
345,894,424.81,10/23/2016
263,216,252.9,11/7/2011
178,124,185.71,10/4/2010
539,396,25.71,5/13/2014
950,984,83.47,8/3/2014
371,815,8.96,8/22/2013
723,847,42.31,3/6/2012
94,72,41.2,8/5/2010
356,746,0.37,7/8/2016
209,486,338.58,2/6/2013
443,52,44.96,8/23/2013
885,19,8.24,7/4/2017
437,902,156.42,4/4/2010
168,305,1.16,8/11/2016
567,192,60.78,12/7/2017
678,855,28.36,2/3/2013
216,705,20.12,11/29/2012
71,280,27.33,4/15/2010
954,4,314.26,8/15/2014
431,944,303.46,12/20/2015
153,567,78.72,11/24/2013
229,527,68.43,1/23/2011
589,916,34.26,6/22/2010
77,701,42.44,4/24/2015
104,2,54.07,5/10/2016
510,550,23.2,12/19/2017
353,360,70.12,4/28/2017
8,894,40.26,3/29/2017
589,256,132.23,5/14/2012
896,985,6.07,6/27/2014
856,860,51.81,11/3/2017
635,383,28.22,12/6/2017
275,741,96.39,11/22/2012
498,838,143.34,5/12/2017
56,114,55.9,12/21/2013
162,578,21.03,2/25/2017
692,391,207.66,11/16/2013
249,339,88.73,2/24/2013
275,486,306.8,1/11/2018
583,182,204.88,11/9/2012
131,646,348.67,10/2/2014
832,344,2.86,5/2/2010
593,755,81.79,10/2/2010
217,826,67.49,10/28/2013
494,102,25.17,1/9/2014
366,671,67.49,10/2/2010
798,428,1.68,7/27/2014
24,847,271.59,12/22/2014
674,692,106.57,3/1/2014
423,488,94.31,2/26/2013
990,785,146.25,10/8/2012
627,782,147.62,1/1/2010
498,278,385.01,8/20/2013
666,577,265.57,4/23/2010
419,34,39.75,2/23/2018
93,765,47.85,8/9/2013
879,730,58.34,6/13/2010
361,216,0.3,5/22/2017
911,879,208.92,4/11/2015
299,100,182.95,9/28/2017
62,834,252.09,11/11/2013
333,615,10.84,3/18/2014
575,260,125.02,6/2/2014
789,341,42.08,4/23/2015
663,666,8.02,12/9/2014
984,102,77.07,9/20/2012
325,330,136.82,3/17/2013
123,947,52.04,5/6/2010
175,501,178.04,6/1/2010
553,28,7.24,5/9/2012
379,918,97.97,1/10/2010
406,738,185.17,6/23/2016
820,881,396.18,11/8/2015
872,245,172.53,5/9/2012
960,63,70.5,12/12/2014
383,683,29.55,6/7/2010
759,155,30.96,2/19/2014
680,754,132.01,12/20/2016
217,140,26.01,2/28/2017
702,353,183.61,1/10/2016
5,731,129.73,1/27/2012
154,124,172.99,5/25/2011
90,430,178.14,2/9/2011
681,978,70.99,8/23/2012
412,156,240.84,10/2/2017
83,791,17.94,4/19/2010
431,350,58.37,2/8/2016
418,979,349.47,6/9/2011
47,816,107.23,8/24/2015
73,212,67.49,11/2/2013
396,88,41.33,6/14/2012
89,925,275.31,3/10/2014
866,743,23.23,4/1/2013
168,976,109.99,7/14/2015
67,526,66.57,2/11/2013
791,17,30.99,10/10/2015
768,955,46.54,2/15/2011
23,70,259.19,7/16/2011
577,920,50.8,1/22/2011
877,239,9.09,11/24/2014
862,566,309.14,3/30/2014
647,742,362.72,8/4/2014
396,253,238.12,5/20/2010
373,668,16.14,11/26/2014
563,840,219.3,1/26/2016
508,340,106.1,5/9/2013
750,714,367.59,5/11/2012
491,302,43.05,4/13/2012
65,203,299.34,5/2/2013
404,968,2.42,2/6/2011
771,257,246.26,1/20/2016
839,279,20.4,12/13/2010
897,417,153.67,8/28/2013
80,301,260.14,5/1/2011
822,699,406.13,10/21/2012
307,761,120.82,5/12/2017
927,318,120.57,12/29/2012
331,525,79.04,10/12/2014
281,614,122.34,1/10/2011
910,312,204.02,10/10/2010
627,687,305.22,7/24/2013
348,132,137.51,9/23/2010
998,784,1.14,10/12/2014
479,919,206.88,4/24/2012
969,507,48.38,11/6/2014
486,68,77.85,12/6/2010
517,826,103.62,11/28/2012
789,708,1.87,2/7/2012
341,748,52.47,4/12/2010
41,626,51.5,12/7/2015
327,158,0.41,9/18/2015
566,121,225.55,9/6/2010
977,882,40.09,7/5/2017
927,666,29.8,12/17/2012
90,438,20.68,9/18/2017
169,82,92.46,5/14/2015
124,18,242.47,9/4/2011
405,274,36.3,7/30/2013
896,523,22.05,3/24/2015
52,93,50.71,5/21/2017
434,987,33.79,9/29/2017
930,301,180.24,10/18/2012
346,679,175.09,8/14/2013
393,138,161.27,2/14/2010
53,655,77.14,12/27/2012
466,715,6.71,12/18/2016
823,696,177.38,10/23/2013
387,438,82,4/1/2011
264,597,159.5,8/30/2013
1,581,16,10/17/2016
697,626,39.81,12/20/2013
863,433,7.31,1/1/2014
755,72,30.88,3/21/2014
184,132,350.19,10/19/2012
921,185,313.35,11/23/2011
998,339,19.78,3/25/2011
825,505,333.45,12/28/2012
423,707,38.13,1/9/2010
754,915,83.8,7/21/2015
305,985,149.8,7/29/2013
668,987,51.69,6/2/2012
95,810,265.88,6/4/2014
521,252,21.68,8/6/2015
749,283,93.55,3/23/2017
698,777,225.82,9/16/2010
614,819,214.24,11/5/2011
405,765,5.69,6/20/2014
351,460,77.16,2/10/2015
707,15,165.75,11/13/2013
773,105,437.59,5/13/2015
511,354,5.12,1/21/2012
62,585,161.04,2/25/2011
267,248,59.9,8/14/2017
646,331,128.72,8/18/2012
976,974,11.85,7/31/2014
52,126,7.02,8/11/2014
186,302,90.04,1/1/2013
964,64,5.91,6/22/2016
970,611,48.56,1/9/2017
465,412,50.83,12/12/2016
760,906,141.78,3/20/2011
967,592,28.58,3/5/2012
767,304,123.85,2/22/2016
989,990,273.13,11/15/2010
316,35,24.72,10/14/2016
232,534,201.54,5/17/2011
780,673,48.72,3/31/2012
205,330,23.47,3/22/2011
436,910,35.48,4/13/2017
69,922,134.81,11/19/2011
945,341,44.06,6/22/2010
350,638,337.82,1/21/2011
459,579,9.12,2/1/2018
459,640,137.03,10/10/2016
872,553,7,6/20/2017
89,346,175.26,4/2/2011
369,544,116.29,9/14/2010
50,423,81.16,9/3/2016
936,810,46.72,1/7/2017
896,93,171.93,5/1/2016
382,96,136,6/28/2016
859,256,270.64,5/20/2017
521,220,74.46,11/18/2011
277,825,9.2,1/11/2011
256,907,31.5,5/29/2014
203,476,188.52,9/9/2014
686,880,202.46,8/8/2013
854,220,189.29,10/6/2014
717,216,252.72,1/29/2017
416,435,42.84,11/21/2014
731,504,154.51,7/15/2016
612,963,41.82,12/19/2011
642,464,78.52,1/23/2011
38,575,88.4,9/29/2010
553,605,5.31,6/13/2010
361,58,28.07,4/5/2016
968,214,168.92,8/7/2010
259,99,51.37,12/3/2013
397,245,24.69,2/25/2014
218,783,14.28,6/23/2010
110,483,13.45,2/15/2016
945,687,56.89,2/26/2013
947,459,37.33,2/13/2012
458,237,79.39,6/2/2017
485,624,48.1,8/18/2010
786,160,218.62,9/20/2014
541,455,20.48,9/6/2013
344,427,277.14,6/20/2010
38,224,32.92,4/28/2014
809,362,175.99,1/28/2016
973,211,78.18,8/30/2013
447,492,286.31,1/3/2013
36,92,6.83,6/14/2016
593,58,40.18,12/5/2010
904,762,63.39,2/1/2013
469,948,136.72,11/11/2010
913,544,92.57,10/3/2015
37,851,160.87,1/31/2015
704,824,175.64,1/11/2015
437,688,43.18,11/21/2016
176,196,44.61,12/26/2011
955,185,19.29,7/12/2010
774,476,208.88,1/30/2018
121,839,45.96,6/7/2013
140,768,4.48,12/7/2013
774,12,28.31,10/18/2016
134,744,84.13,12/5/2011
281,301,49.99,9/2/2015
493,26,58.31,5/7/2011
616,780,423.38,1/20/2013
279,314,104.28,4/11/2013
187,533,31.35,1/4/2015
91,465,71.45,7/27/2010
882,953,56.44,1/20/2010
860,710,30.59,2/18/2018
767,562,5.3,4/12/2017
509,876,219.74,5/19/2017
225,149,35.13,7/26/2016
610,591,76.74,3/8/2016
290,553,52.72,10/18/2011
340,409,296.4,6/10/2017
525,61,151.48,1/15/2013
919,912,40.44,7/20/2011
54,157,196.7,4/8/2016
202,117,446.93,4/11/2014
3,886,46.19,6/10/2017
569,655,22.31,1/24/2012
667,222,214.88,12/16/2017
260,257,379.78,11/30/2011
629,207,41.02,8/19/2012
911,988,101.78,1/19/2012
685,91,60.88,5/20/2013
761,846,27.09,11/10/2011
409,395,50.98,11/4/2016
808,763,230.23,9/16/2010
198,293,30.26,6/6/2014
39,842,38.68,7/4/2010
347,957,72.83,1/8/2010
136,710,307.41,3/28/2013
819,228,346.85,10/29/2016
133,579,467.61,6/1/2013
406,877,85.44,12/12/2010
710,280,211.84,1/14/2013
939,580,366.42,4/9/2016
17,944,9.38,10/22/2015
433,900,486.73,9/20/2014
790,273,323.52,7/16/2015
543,30,343.82,2/9/2013
408,114,183.47,12/8/2011
172,677,174.13,1/14/2015
179,505,180.53,11/28/2011
755,956,18.35,8/24/2016
315,867,225.91,9/21/2010
855,457,12.07,5/13/2012
907,265,11.34,4/14/2014
642,434,124.97,6/10/2015
534,294,89.29,3/3/2010
360,311,56.77,5/11/2010
740,752,67.54,9/16/2010
260,125,77.64,4/20/2012
664,24,329.59,4/19/2014
331,671,10.36,10/21/2010
814,946,15.56,7/21/2012
42,256,108.38,7/10/2011
267,641,19.41,1/6/2016
161,613,95.54,6/30/2011
909,855,65.05,7/31/2011
400,39,25.63,2/10/2014
331,721,39.78,11/13/2013
11,969,113.42,4/5/2017
918,477,77.14,11/23/2011
511,330,35.58,8/2/2012
11,835,22.52,5/15/2016
824,204,26.12,3/30/2016
270,77,18.97,8/21/2013
260,728,62.62,9/15/2010
31,688,35.48,10/20/2011
897,723,381.38,5/23/2014
555,878,183.94,8/2/2011
427,498,86.24,3/12/2013
653,35,9.51,5/24/2014
294,205,22.41,6/10/2010
817,665,114.15,4/17/2011
980,162,4.24,9/27/2017
241,546,2.51,3/12/2016
728,694,123.75,2/2/2010
89,795,12.36,10/27/2017
128,688,14.77,2/10/2014
830,219,63.04,9/19/2015
881,367,226.3,3/23/2011
902,856,41.53,1/27/2017
11,419,26.33,6/6/2011
870,708,85.95,2/10/2018
809,172,101.79,11/19/2016
72,969,122.34,7/7/2012
243,753,18.3,3/15/2014
611,903,49.37,8/8/2017
391,275,78.64,1/19/2013
911,162,275.81,6/14/2016
439,594,153.92,12/30/2014
209,905,22.45,12/24/2017
942,578,64.46,6/13/2013
318,419,323.62,3/31/2013
51,165,59.69,10/11/2011
472,111,181.39,4/13/2011
369,340,220.73,5/3/2010
618,51,143.39,4/24/2011
936,482,102.57,12/9/2010
741,94,311.56,9/22/2010
221,215,12.06,6/26/2016
996,805,233.92,11/12/2017
834,764,111.24,11/5/2011
831,356,16.42,7/8/2016
993,450,177.98,3/27/2010
305,673,235.31,6/28/2013
249,574,50.36,8/12/2013
291,786,91.21,4/20/2012
480,924,144.06,1/11/2018
24,88,11.9,8/31/2013
906,873,20.29,7/19/2012
601,753,134.3,10/21/2017
270,602,38.6,9/14/2010
824,543,44.88,7/3/2010
84,694,214,2/19/2017
999,239,65.12,8/14/2015
533,174,38.06,5/21/2010
624,392,7.23,11/27/2016
962,421,224.17,7/25/2014
380,670,43.95,12/5/2012
567,227,237.23,3/7/2014
62,555,73.2,1/21/2015
98,539,316.32,11/12/2013
137,955,42.13,9/3/2011
206,61,344.83,4/23/2012
225,932,95.67,2/24/2018
536,393,99.28,5/16/2011
554,430,24.66,9/20/2012
794,433,354.08,10/23/2015
750,825,0.83,5/8/2011
568,245,158.48,7/15/2013
119,36,172.49,6/1/2011
907,860,73.55,8/30/2015
597,3,8.73,1/12/2013
602,858,169,5/23/2012
586,461,87.64,3/9/2014
433,868,155.36,4/12/2011
244,565,120.5,2/5/2013
515,830,198.06,10/11/2015
936,653,68.21,10/25/2012
166,868,278.86,2/23/2016
746,316,278.14,6/20/2012
887,629,173.59,3/31/2011
690,289,354.57,3/26/2014
317,432,186.85,9/18/2014
202,99,257.9,6/14/2014
12,31,329.62,6/13/2014
634,933,25.06,6/21/2010
729,659,116.39,6/30/2017
310,590,1.4,12/14/2012
672,451,55.7,1/14/2012
550,523,173.67,11/1/2012
466,412,250.49,9/13/2014
692,568,265.97,12/15/2012
890,63,176.71,7/19/2012
595,81,13.79,8/9/2011
333,614,75.66,6/13/2012
678,1000,44.01,3/8/2017
16,828,212.95,8/15/2015
280,360,143.94,4/25/2010
494,375,64.21,12/2/2017
8,752,106.51,11/9/2011
136,761,20.58,4/10/2013
324,906,278.31,11/15/2015
761,357,214.8,3/22/2014
840,111,175.66,12/2/2017
448,178,79.41,2/15/2017
454,904,69.41,8/12/2011
858,207,28.2,6/29/2011
966,130,357.69,5/29/2013
79,99,119.67,4/24/2011
354,355,114.56,10/2/2010
542,510,63.43,3/4/2017
79,680,84.83,4/12/2016
721,43,237.26,6/4/2012
864,295,39.42,12/1/2013
75,950,264.32,12/21/2015
690,597,196.38,10/26/2010
111,390,119.07,4/29/2013
350,793,257.16,7/31/2016
508,522,7.01,11/30/2014
494,557,30.17,5/12/2012
48,225,75.01,10/9/2012
264,488,72.22,2/4/2010
122,493,28.77,1/27/2011
837,144,67.88,5/12/2010
608,756,108.67,4/19/2013
681,974,78.28,6/22/2011
681,726,58.52,11/3/2016
840,607,22.35,6/8/2010
972,679,180.89,1/26/2014
520,434,73.07,1/22/2014
251,906,63.98,2/7/2014
653,943,223.28,1/11/2011
422,165,123.69,7/9/2012
445,829,317.92,2/22/2015
613,513,27.06,2/18/2016
228,719,97.9,10/9/2013
658,861,47.84,9/12/2017
321,314,60.46,5/29/2011
281,372,221.93,4/5/2015
346,87,4.59,8/9/2011
982,807,157.66,4/5/2015
21,923,20.7,1/31/2013
132,2,21.96,9/23/2017
779,580,234.26,3/29/2014
614,560,90.87,10/25/2013
186,729,124.59,2/27/2017
216,117,1.93,2/9/2018
332,317,65.73,11/23/2013
175,556,182.19,3/19/2017
216,39,77.76,11/3/2013
929,697,63.44,7/28/2015
450,892,163.83,7/7/2012
265,774,139.26,1/3/2017
402,278,235.37,5/30/2012
838,752,31.35,8/9/2015
302,72,89.46,10/4/2011
911,13,60.76,8/16/2013
165,804,139.29,7/16/2014
740,610,201.09,5/1/2012
378,856,194.33,12/30/2013
967,578,3.17,3/30/2011
650,953,72.74,9/9/2014
452,854,72.87,8/2/2012
445,501,71.09,4/1/2017
632,276,44.13,6/18/2010
870,93,1.3,1/2/2013
545,362,433.62,4/26/2012
142,761,27.1,1/13/2010
284,954,9.3,3/3/2012
620,521,0.72,1/30/2010
730,942,7.13,4/5/2010
396,857,259.87,2/10/2010
900,345,129.56,10/3/2010
473,69,5.35,4/2/2011
738,800,1.37,11/9/2016
477,677,36.1,5/18/2013
911,790,182.62,7/19/2016
702,982,140.61,11/8/2011
423,498,198.99,8/21/2013
26,113,19.96,7/1/2011
633,928,70.66,10/17/2015
986,642,303.57,5/11/2016
561,767,9.14,9/10/2013
802,411,170.24,1/22/2013
420,605,107.35,2/16/2012
573,768,96.15,10/4/2012
345,822,246.06,9/29/2011
540,157,167.66,12/19/2016
867,928,299.11,10/13/2015
437,467,69.58,9/8/2015
690,490,104.54,8/1/2017
608,176,143.33,4/21/2015
288,205,170.99,8/24/2012
798,708,75.55,9/12/2016
402,274,207.89,4/2/2014
698,57,167.11,6/25/2011
893,842,70.14,11/14/2014
836,300,2.27,8/23/2017
844,386,36.33,5/26/2011
36,881,88.84,10/14/2014
586,702,13.12,11/5/2016
593,878,21.38,10/17/2012
592,978,273.58,3/8/2017
930,840,41.74,9/15/2013
389,280,29.18,1/4/2017
775,537,111.49,1/31/2016
359,238,446.54,1/29/2014
483,409,143.01,12/24/2010
268,193,68.12,8/26/2013
769,572,74.13,8/24/2015
476,497,91.32,1/1/2013
144,292,60.02,8/18/2015
563,376,226.23,10/19/2011
312,145,27.51,9/14/2014
835,686,369.38,6/28/2016
260,277,88.52,12/29/2016
991,731,188.65,12/29/2013
422,20,1.91,7/18/2013
747,983,62.14,11/23/2012
16,455,54.71,2/6/2012
59,971,13.94,2/17/2011
592,374,36.95,5/27/2010
242,873,76.7,1/20/2013
510,232,24.71,4/1/2014
870,365,94.9,1/25/2018
128,367,75.62,11/28/2011
537,909,56.77,6/15/2016
477,777,161.3,1/22/2011
894,580,370.32,6/23/2017
397,197,227.33,12/26/2015
346,454,15.13,6/30/2017
80,80,55.17,2/22/2013
779,470,250.06,2/23/2010
852,68,207.31,5/7/2013
367,219,35.53,7/10/2014
321,682,29.91,10/17/2015
503,541,244.03,5/4/2017
719,547,80.99,8/29/2010
486,509,54.71,9/17/2013
5,836,13.43,3/23/2011
902,238,3.03,3/21/2014
610,449,28.12,7/11/2012
115,321,31.15,9/26/2015
680,421,302.12,6/11/2015
605,717,19.36,10/13/2013
687,781,448.23,8/11/2012
261,296,66.79,8/30/2010
731,798,54.96,6/28/2011
398,286,76.73,11/30/2017
444,145,47.91,7/27/2012
912,814,62.18,5/27/2011
279,632,230.89,1/9/2013
973,502,198.07,5/20/2014
573,811,71.55,5/11/2017
478,513,96.02,1/15/2017
20,460,0.72,5/11/2016
636,710,80.58,1/23/2017
32,896,80.02,4/3/2014
223,678,60.39,1/8/2012
125,517,171.54,11/18/2010
491,954,7.18,2/16/2017
805,64,279.34,9/1/2011
25,36,23.47,3/18/2017
991,925,12.97,6/27/2017
246,934,44.2,3/24/2015
485,874,98.44,12/1/2017
18,114,115.33,6/19/2014
429,243,18.62,10/28/2012
828,764,76.23,1/27/2015
308,467,23.36,10/9/2017
41,131,214.12,6/15/2014
453,163,335.25,1/3/2018
188,715,180.89,8/30/2015
736,144,38.41,9/3/2015
247,448,46.67,12/25/2011
318,746,138.1,8/1/2017
405,120,158.67,3/25/2010
989,23,385.96,3/18/2015
173,747,4.11,6/2/2013
752,127,355.19,5/12/2010
167,407,198.7,2/9/2012
876,441,257.37,8/22/2016
710,287,35.78,12/25/2012
311,851,4.04,4/24/2013
564,427,167.78,3/30/2010
694,341,75.5,3/16/2013
715,427,314.27,7/2/2011
763,948,273.97,7/15/2016
859,186,130.09,12/11/2013
997,565,276.14,10/28/2010
177,749,381.19,7/12/2013
841,609,12.64,6/11/2014
579,389,110.54,8/25/2015
415,842,67.47,1/13/2017
474,893,208.82,11/1/2013
508,842,306.4,10/25/2016
434,308,81.26,11/20/2015
71,258,233.56,7/3/2012
938,813,81.19,11/26/2010
490,864,25.6,7/30/2012
55,551,199.9,9/18/2010
913,612,30.81,12/25/2012
109,61,179.08,5/31/2015
556,288,17.82,7/11/2014
46,523,180.75,1/29/2013
832,319,297.86,6/28/2015
295,625,149.41,3/24/2010
915,375,196.85,1/5/2011
922,665,59.36,8/13/2012
973,888,95.14,12/8/2017
934,418,102.16,3/31/2012
519,298,187.07,10/25/2016
192,128,65.35,1/16/2014
220,393,163.85,3/27/2013
33,304,241.34,6/22/2015
701,555,6.91,9/7/2011
357,354,90.33,6/21/2014
888,888,137.44,6/9/2013
136,695,139.9,12/10/2011
504,505,6.26,1/31/2012
952,985,31.24,7/1/2012
76,876,146.19,11/28/2013
624,341,235.35,8/14/2010
552,369,167.38,3/29/2015
353,156,115.37,4/19/2015
195,526,106.92,1/14/2016
15,177,395.68,2/5/2017
656,932,82.78,4/17/2015
720,703,57.78,7/23/2012
843,387,330.66,10/13/2011
312,356,109.51,12/21/2015
12,453,1.83,8/31/2013
951,455,88.2,7/21/2016
411,782,277.89,3/23/2017
664,736,6.18,7/1/2011
49,15,180.01,8/14/2017
289,913,36.76,8/18/2014
540,181,0.96,2/9/2012
467,331,58.14,2/15/2010
87,874,398.98,10/31/2016
475,988,70.3,1/1/2012
21,63,59.97,5/24/2015
950,15,76.12,11/18/2016
222,754,32.78,9/5/2016
589,837,92.28,5/29/2016
843,19,83.45,1/16/2010
956,574,21.51,9/9/2010
174,872,100.01,5/16/2010
458,396,11.87,9/4/2011
9,735,23.45,5/7/2011
717,959,147.91,5/5/2010
288,529,186.91,3/29/2016
295,325,322.91,11/30/2015
967,362,165.06,1/9/2016
440,389,68.89,11/22/2014
996,409,237.41,5/25/2012
408,379,96.12,10/11/2014
987,73,19.31,4/22/2016
163,551,10.74,9/26/2016
193,194,179.46,10/16/2012
172,664,59.75,1/7/2011
177,683,62.43,9/5/2011
322,120,49.85,2/15/2012
892,602,183.25,8/12/2015
319,681,43.68,8/19/2010
616,613,219.08,3/28/2015
290,57,122.3,8/31/2012
293,395,167.54,3/27/2014
878,857,140.27,5/2/2017
216,414,28.94,8/13/2015
791,964,231.11,4/24/2014
258,199,269.94,2/18/2014
153,130,3.57,9/22/2011
409,599,344.05,4/21/2012
355,11,130.99,4/5/2010
748,217,58.44,6/5/2016
559,933,136.21,2/1/2012
599,885,5.23,8/11/2017
223,856,49.61,2/22/2017
862,778,203.55,1/26/2010
987,831,62.75,5/25/2016
256,66,93.95,1/16/2014
486,213,79.01,11/13/2014
622,881,200.47,3/28/2013
204,811,234.97,7/16/2010
268,568,3.13,6/23/2017
959,315,52.86,1/24/2017
123,259,13.22,6/7/2011
907,567,314.18,4/8/2014
53,104,310.67,1/16/2013
604,77,328.11,6/19/2015
798,826,207.15,4/12/2011
875,481,132.34,12/18/2016
849,645,32.15,11/1/2015
973,83,194.32,7/11/2011
753,77,219.98,11/2/2014
623,750,69.85,5/31/2017
523,3,148.97,5/3/2017
575,459,287.03,1/11/2018
922,945,23.31,12/28/2011
43,437,40.37,7/17/2014
142,703,115.07,9/22/2014
603,958,71.88,4/17/2017
325,357,430.32,2/17/2010
558,305,26.75,12/10/2015
996,829,237.84,5/20/2010
451,399,116.41,9/2/2017
132,937,26.03,8/12/2011
391,244,303.37,10/10/2012
939,526,67.43,8/18/2010
121,405,8,11/18/2014
889,194,15.76,10/17/2012
805,73,154.78,1/2/2012
596,234,119.59,12/9/2013
79,396,36.98,2/2/2015
40,86,96.74,10/7/2011
863,595,216.47,7/24/2010
41,3,36.83,5/1/2011
526,245,205.42,5/23/2013
249,987,12.56,10/11/2014
820,173,153.62,11/12/2011
249,640,40.56,6/23/2014
843,414,68.87,7/10/2016
909,507,64.21,9/9/2012
568,456,44.45,6/18/2014
64,221,25.9,5/29/2017
513,584,70.7,5/24/2012
25,185,152.05,2/25/2010
494,484,8.49,4/13/2010
814,852,41.29,1/22/2016
641,256,122.67,4/5/2017
585,971,275.7,6/25/2013
649,281,29.79,6/26/2013
843,675,269.15,12/3/2016
728,81,143.59,9/6/2012
620,712,47.7,7/16/2014
218,363,41.89,10/24/2017
687,230,14.22,8/25/2017
168,489,280.17,1/20/2017
227,552,141.17,11/5/2011
693,491,171.55,9/16/2017
714,674,79.16,3/10/2017
105,228,12.23,10/14/2015
447,212,17.55,10/15/2010
466,185,409.78,5/31/2016
195,487,240.22,9/19/2010
990,580,258.29,1/16/2014
299,564,34.7,10/5/2016
577,301,381.73,4/12/2017
66,258,82.71,4/3/2012
654,423,105.71,1/12/2012
445,227,139.09,10/29/2010
749,466,428.4,9/14/2016
677,471,2.94,1/24/2018
587,932,56.37,3/18/2015
952,123,304.8,1/27/2012
123,397,28.37,1/19/2017
267,660,78.59,2/9/2016
866,659,27.54,8/26/2012
757,933,19.85,9/9/2010
342,564,338.24,10/21/2012
309,214,9.11,6/11/2015
148,410,11.23,3/29/2016
498,648,28.01,6/29/2011
798,824,72,1/22/2014
109,729,12.77,11/30/2017
977,85,157.71,11/3/2013
297,867,268.91,3/12/2010
116,165,197.1,8/17/2016
161,594,250.09,2/21/2014
613,359,2.46,12/23/2013
690,830,82.47,12/2/2015
320,901,58.35,6/5/2014
49,543,11.27,12/3/2010
582,525,29.5,1/12/2013
490,193,131.78,5/9/2014
147,454,9.92,12/27/2015
809,739,269.68,8/7/2013
867,133,19.37,3/30/2011
618,586,6.37,12/8/2015
429,102,132.39,12/17/2011
743,338,13.08,3/16/2011
819,150,349.13,2/13/2013
506,464,24.56,10/16/2011
844,936,5.17,4/4/2015
12,938,53.14,7/26/2011
918,68,15.51,3/13/2011
907,348,143.06,7/20/2017
953,181,402.37,7/5/2013
738,957,0.85,3/5/2010
772,595,107.35,12/13/2011
56,846,104.33,1/4/2011
568,598,338.36,2/27/2015
327,142,84.73,6/7/2015
665,323,73.11,7/13/2017
384,368,0.54,2/16/2018
179,7,9.47,8/22/2012
550,986,214.89,5/3/2013
158,22,180.67,2/19/2013
991,641,209.31,4/6/2010
47,820,135.77,3/13/2012
785,514,314.71,6/16/2014
294,540,4.89,2/17/2013
976,115,97.33,2/6/2016
824,375,14.55,10/14/2017
95,393,206.96,10/9/2015
423,938,8.7,12/16/2017
948,174,17.09,1/21/2011
720,974,29.96,10/11/2014
405,165,134.25,11/14/2010
311,657,72.41,2/17/2012
971,978,20.55,5/11/2012
395,37,135.97,1/31/2013
182,370,18.98,10/15/2014
515,277,178.3,8/31/2015
185,669,51.05,11/18/2015
186,636,206.63,8/11/2011
399,813,18.2,7/21/2014
244,815,19.83,6/22/2010
172,206,363.22,5/24/2017
502,827,76.56,10/19/2015
527,666,18.33,11/13/2014
331,626,220.77,1/28/2012
409,309,55.58,11/13/2016
799,540,3.15,10/25/2013
12,636,10.36,9/6/2013
454,701,78.89,6/4/2013
425,939,333.51,9/18/2010
928,502,8.1,3/17/2016
572,260,118.29,11/3/2012
482,544,7.66,12/31/2015
361,11,49.07,10/4/2013
665,730,66.73,12/9/2012
149,488,395.32,5/29/2013
880,24,11.89,6/12/2014
587,832,14.57,9/12/2014
671,541,7.14,4/24/2017
493,952,140.99,7/27/2012
18,7,79.63,7/15/2011
463,887,140.33,9/16/2013
518,112,38.83,10/30/2010
922,990,287.42,5/1/2010
169,694,144.4,6/8/2016
458,634,226.63,7/29/2013
119,267,19.67,7/26/2010
752,535,12.77,7/27/2016
83,797,10.96,4/13/2015
619,213,82.38,12/23/2010
456,334,122.89,12/19/2012
544,627,6.21,6/27/2015
81,48,46.02,4/16/2015
687,297,356.2,10/5/2014
528,982,58.08,8/16/2012
846,4,145.83,11/20/2011
438,628,11.84,5/7/2011
399,970,176.26,11/3/2017
998,976,57.46,10/4/2011
320,632,336.43,8/31/2014
305,700,340.28,10/24/2017
127,749,200.19,11/2/2011
924,660,194.54,1/1/2012
65,468,19.33,10/24/2011
963,156,80.44,2/2/2010
459,148,15.68,9/6/2013
779,408,261.62,12/6/2016
672,797,53.05,5/11/2015
671,378,20.34,10/26/2015
826,861,68.34,12/7/2016
772,258,42.97,12/5/2015
613,734,87.26,7/27/2010
146,858,31.35,7/23/2013
238,210,122.65,3/3/2011
803,202,285.46,1/7/2015
824,394,0.67,6/1/2016
419,708,1.2,12/10/2011
497,243,55.82,5/2/2017
218,839,90.81,5/25/2013
520,819,20.49,3/13/2014
80,544,8.81,8/4/2014
574,288,297.86,5/12/2017
514,199,19.04,4/18/2011
667,1000,236.97,10/27/2013
934,501,102.26,5/28/2017
662,566,155.12,1/9/2011
267,852,138.21,7/11/2010
790,873,56.08,9/17/2015
233,628,184.74,9/5/2016
111,526,107.66,5/15/2013
153,42,83.06,1/26/2012
54,843,74.7,3/24/2017
643,720,168.38,6/12/2014
767,710,82.31,3/1/2013
712,811,168.01,9/5/2012
925,181,173.39,1/27/2011
78,580,62.14,7/9/2017
354,803,454.43,1/28/2014
263,54,26.01,4/14/2014
792,420,74.42,3/12/2016
762,989,278.58,7/28/2017
181,624,24.9,3/21/2013
628,756,445.83,7/19/2016
358,676,64.49,12/18/2011
49,276,83.55,4/5/2012
516,2,55.4,12/9/2011
650,229,333.75,7/11/2016
255,591,163.62,10/24/2010
978,77,220.35,12/27/2010
277,200,54.23,5/31/2016
206,435,144.16,6/5/2010
972,334,93.4,11/17/2015
117,423,145.09,9/24/2014
272,635,30.57,6/27/2015
622,205,209.29,2/2/2010
946,818,253.26,11/12/2015
97,438,69.42,7/15/2011
324,553,140.48,4/7/2010
230,526,40.74,2/1/2013
27,479,30.3,11/30/2010
645,884,407.64,9/19/2011
261,495,18.18,3/15/2016
547,88,270.05,1/28/2012
539,529,61.98,4/22/2012
154,489,427.17,3/19/2015
705,507,149.71,1/15/2011
423,681,87.38,4/9/2017
354,192,131.02,4/23/2010
265,881,86.73,2/9/2014
946,517,29.53,6/26/2013
431,750,3.35,1/20/2014
219,434,78.58,7/27/2012
504,238,210.99,6/14/2013
797,870,27.74,12/2/2014
33,797,33.93,1/24/2018
915,910,49.33,12/23/2016
945,560,83.15,9/2/2011
196,447,64.99,11/10/2016
760,661,251.55,2/1/2016
878,84,205.21,11/24/2015
697,34,120.69,9/6/2012
68,748,237.4,12/20/2011
241,210,30.16,3/14/2012
80,856,17.35,4/21/2011
413,847,2.9,2/2/2012
234,617,189.74,7/24/2010
453,277,17.78,3/27/2012
818,245,71.87,5/12/2017
333,152,228.47,7/17/2012
564,543,126.74,3/27/2011
980,176,193.88,10/25/2016
958,967,36.63,9/14/2013
277,80,362.76,5/16/2010
211,537,136.62,12/4/2015
36,80,455.72,7/6/2014
747,627,202.58,1/9/2013
479,589,247.89,6/4/2013
216,570,160.72,6/20/2013
370,914,143.17,10/27/2010
198,180,89.23,11/8/2014
319,808,87.5,9/17/2010
574,20,117.9,4/9/2010
783,474,88.08,1/4/2010
775,235,58.7,7/11/2016
131,37,260.12,2/26/2011
944,859,294.93,3/18/2016
811,433,182.57,10/26/2013
821,189,131.21,5/27/2016
756,90,190.35,1/27/2016
657,793,168.97,1/23/2012
901,381,34.85,7/5/2017
163,225,155.48,5/27/2012
29,946,12.61,3/1/2014
451,10,143.3,9/28/2013
659,875,34.1,7/15/2013
221,551,43.23,4/26/2010
814,354,120.52,6/20/2017
768,486,337.84,1/18/2016
590,919,273.18,7/7/2010
80,40,31.45,7/14/2012
912,897,76.89,5/13/2015
858,393,29.92,5/22/2017
218,287,12.71,4/5/2012
145,429,183.8,6/26/2013
461,160,206.37,6/22/2011
943,163,6.52,3/23/2016
251,636,1.38,9/24/2013
978,588,14.72,7/24/2012
383,519,7.45,6/27/2011
810,708,294.62,1/29/2018
32,543,48.3,5/22/2015
261,322,3.47,1/5/2017
745,744,153.99,7/21/2012
208,645,70.97,11/26/2011
62,376,290.73,9/22/2010
648,167,32.2,3/24/2014
74,402,261.74,3/12/2016
787,966,167.03,8/28/2010
743,520,326.43,4/11/2010
682,220,364.87,7/13/2015
384,453,165.15,2/19/2017
906,148,78.26,3/2/2011
702,649,91.01,9/25/2017
859,515,263,5/24/2015
715,18,302.24,4/11/2016
756,171,22.97,3/24/2013
635,304,27.98,7/14/2016
746,288,8.67,12/28/2015
803,68,8.73,2/26/2011
821,108,151.56,4/7/2010
775,59,100.03,11/12/2010
589,394,342.44,1/7/2015
754,258,168.99,12/22/2012
504,348,11.46,2/18/2017
304,731,232.44,9/21/2017
759,475,115.08,12/8/2010
117,890,10.35,12/13/2014
58,526,298.65,10/26/2013
740,664,165.51,11/9/2017
192,487,79.98,4/8/2013
923,71,83.39,3/14/2014
412,861,45.39,10/15/2012
328,232,24.09,9/1/2017
162,975,6.39,6/21/2017
237,846,60.97,7/1/2014
89,657,261.2,9/11/2014
21,578,81.06,11/13/2015
185,123,207.14,10/24/2016
625,473,23.35,10/6/2011
247,411,301.51,3/26/2015
997,786,61.01,6/17/2015
593,415,27.13,9/5/2012
399,424,2.39,5/10/2013
790,485,228.4,3/6/2015
548,478,57.91,12/4/2014
169,259,31.23,11/9/2010
799,990,33.53,8/28/2013
648,596,165.17,4/29/2011
206,814,32.16,3/16/2016
287,78,58.56,10/5/2010
461,166,74.42,11/21/2011
